"country","sum"
"India",96382526.88
"China",87430969.04
"United States",59350054.72
"Japan",50582433.00
"Mexico",48804383.84
"Brazil",45861405.92
"Russian Federation",43715484.52
"Philippines",34825238.72
"Turkey",23789071.52
"Indonesia",22501518.68
